Date,Temperatura
2024-02-05 00:00:00,6.52
2024-02-05 00:05:00,6.32
2024-02-05 00:10:00,6.32
2024-02-05 00:15:00,6.32
2024-02-05 00:20:00,6.12
2024-02-05 00:25:00,6.32
2024-02-05 00:30:00,6.72
2024-02-05 00:35:00,6.52
2024-02-05 00:40:00,7.12
2024-02-05 00:45:00,7.32
2024-02-05 00:50:00,7.32
2024-02-05 00:55:00,7.42
2024-02-05 01:00:00,7.22
2024-02-05 01:05:00,7.12
2024-02-05 01:10:00,7.05
2024-02-05 01:15:00,7.22
2024-02-05 01:20:00,7.32
2024-02-05 01:25:00,7.42
2024-02-05 01:30:00,7.42
2024-02-05 01:35:00,7.32
2024-02-05 01:40:00,7.22
2024-02-05 01:45:00,7.12
2024-02-05 01:50:00,7.12
2024-02-05 01:55:00,7.22
2024-02-05 02:00:00,7.12
2024-02-05 02:05:00,6.92
2024-02-05 02:10:00,6.62
2024-02-05 02:15:00,6.22
2024-02-05 02:20:00,5.93
2024-02-05 02:25:00,5.82
2024-02-05 02:30:00,5.61
2024-02-05 02:35:00,5.42
2024-02-05 02:40:00,5.32
2024-02-05 02:45:00,5.38
2024-02-05 02:50:00,5.32
2024-02-05 02:55:00,5.32
2024-02-05 03:00:00,5.22
2024-02-05 03:05:00,5.61
2024-02-05 03:10:00,6.22
2024-02-05 03:15:00,6.22
2024-02-05 03:20:00,6.02
2024-02-05 03:25:00,6.22
2024-02-05 03:30:00,6.22
2024-02-05 03:35:00,6.12
2024-02-05 03:40:00,5.92
2024-02-05 03:45:00,5.82
2024-02-05 03:50:00,5.61
2024-02-05 03:55:00,5.52
2024-02-05 04:00:00,5.61
2024-02-05 04:05:00,5.42
2024-02-05 04:10:00,5.02
2024-02-05 04:15:00,4.91
2024-02-05 04:20:00,4.82
2024-02-05 04:25:00,4.72
2024-02-05 04:30:00,4.72
2024-02-05 04:35:00,4.72
2024-02-05 04:40:00,4.62
2024-02-05 04:45:00,4.62
2024-02-05 04:50:00,4.62
2024-02-05 04:55:00,4.62
2024-02-05 05:00:00,4.32
2024-02-05 05:05:00,4.05
2024-02-05 05:10:00,4.12
2024-02-05 05:15:00,4.02
2024-02-05 05:20:00,3.92
2024-02-05 05:25:00,3.91
2024-02-05 05:30:00,3.92
2024-02-05 05:35:00,3.92
2024-02-05 05:40:00,4.02
2024-02-05 05:45:00,4.51
2024-02-05 05:50:00,4.92
2024-02-05 05:55:00,5.02
2024-02-05 06:00:00,5.02
2024-02-05 06:05:00,5.02
2024-02-05 06:10:00,4.82
2024-02-05 06:15:00,4.72
2024-02-05 06:20:00,4.72
2024-02-05 06:25:00,4.91
2024-02-05 06:30:00,4.82
2024-02-05 06:35:00,4.51
2024-02-05 06:40:00,4.32
2024-02-05 06:45:00,4.32
2024-02-05 06:50:00,4.51
2024-02-05 06:55:00,4.72
2024-02-05 07:00:00,4.51
2024-02-05 07:05:00,4.32
2024-02-05 07:10:00,4.22
2024-02-05 07:15:00,4.22
2024-02-05 07:20:00,4.12
2024-02-05 07:25:00,4.02
2024-02-05 07:30:00,4.02
2024-02-05 07:35:00,3.92
2024-02-05 07:40:00,4.12
2024-02-05 07:45:00,4.12
2024-02-05 07:50:00,4.32
2024-02-05 07:55:00,4.51
2024-02-05 08:00:00,4.42
2024-02-05 08:05:00,4.62
2024-02-05 08:10:00,4.72
2024-02-05 08:15:00,4.62
2024-02-05 08:20:00,4.72
2024-02-05 08:25:00,4.72
2024-02-05 08:30:00,5.02
2024-02-05 08:35:00,5.42
2024-02-05 08:40:00,5.72
2024-02-05 08:45:00,5.92
2024-02-05 08:50:00,6.02
2024-02-05 08:55:00,6.32
2024-02-05 09:00:00,6.52
2024-02-05 09:05:00,6.82
2024-02-05 09:10:00,7.12
2024-02-05 09:15:00,7.42
2024-02-05 09:20:00,7.32
2024-02-05 09:25:00,7.32
2024-02-05 09:30:00,7.62
2024-02-05 09:35:00,7.62
2024-02-05 09:40:00,7.92
2024-02-05 09:45:00,8.22
2024-02-05 09:50:00,8.43
2024-02-05 09:55:00,8.73
2024-02-05 10:00:00,8.92
2024-02-05 10:05:00,9.15
2024-02-05 10:10:00,9.42
2024-02-05 10:15:00,9.72
2024-02-05 10:20:00,10.12
2024-02-05 10:25:00,10.53
2024-02-05 10:30:00,10.83
2024-02-05 10:35:00,11.03
2024-02-05 10:40:00,11.33
2024-02-05 10:45:00,11.73
2024-02-05 10:50:00,12.03
2024-02-05 10:55:00,12.33
2024-02-05 11:00:00,12.83
2024-02-05 11:05:00,13.23
2024-02-05 11:10:00,13.63
2024-02-05 11:15:00,14.03
2024-02-05 11:20:00,14.43
2024-02-05 11:25:00,14.73
2024-02-05 11:30:00,14.94
2024-02-05 11:35:00,15.24
2024-02-05 11:40:00,15.43
2024-02-05 11:45:00,15.83
2024-02-05 11:50:00,16.23
2024-02-05 11:55:00,16.44
2024-02-05 12:00:00,16.64
2024-02-05 12:05:00,16.94
2024-02-05 12:10:00,17.14
2024-02-05 12:15:00,17.14
2024-02-05 12:20:00,17.34
2024-02-05 12:25:00,17.54
2024-02-05 12:30:00,17.63
2024-02-05 12:35:00,17.91
2024-02-05 12:40:00,18.14
2024-02-05 12:45:00,18.34
2024-02-05 12:50:00,18.54
2024-02-05 12:55:00,18.54
2024-02-05 13:00:00,18.54
2024-02-05 13:05:00,18.54
2024-02-05 13:10:00,18.54
2024-02-05 13:15:00,18.73
2024-02-05 13:20:00,18.75
2024-02-05 13:25:00,18.84
2024-02-05 13:30:00,18.94
2024-02-05 13:35:00,19.04
2024-02-05 13:40:00,19.14
2024-02-05 13:45:00,19.13
2024-02-05 13:50:00,19.04
2024-02-05 13:55:00,19.04
2024-02-05 14:00:00,18.94
2024-02-05 14:05:00,18.94
2024-02-05 14:10:00,19.04
2024-02-05 14:15:00,19.04
2024-02-05 14:20:00,19.04
2024-02-05 14:25:00,19.04
2024-02-05 14:30:00,19.04
2024-02-05 14:35:00,19.04
2024-02-05 14:40:00,18.94
2024-02-05 14:45:00,18.74
2024-02-05 14:50:00,18.74
2024-02-05 14:55:00,18.73
2024-02-05 15:00:00,18.74
2024-02-05 15:05:00,18.74
2024-02-05 15:10:00,18.64
2024-02-05 15:15:00,18.64
2024-02-05 15:20:00,18.64
2024-02-05 15:25:00,18.73
2024-02-05 15:30:00,18.64
2024-02-05 15:35:00,18.64
2024-02-05 15:40:00,18.73
2024-02-05 15:45:00,18.73
2024-02-05 15:50:00,18.64
2024-02-05 15:55:00,18.54
2024-02-05 16:00:00,18.44
2024-02-05 16:05:00,18.34
2024-02-05 16:10:00,18.14
2024-02-05 16:15:00,18.14
2024-02-05 16:20:00,18.03
2024-02-05 16:25:00,18.03
2024-02-05 16:30:00,18.04
2024-02-05 16:35:00,17.94
2024-02-05 16:40:00,17.74
2024-02-05 16:45:00,17.54
2024-02-05 16:50:00,17.34
2024-02-05 16:55:00,17.23
2024-02-05 17:00:00,17.14
2024-02-05 17:05:00,17.04
2024-02-05 17:10:00,16.84
2024-02-05 17:15:00,16.63
2024-02-05 17:20:00,16.44
2024-02-05 17:25:00,16.44
2024-02-05 17:30:00,16.33
2024-02-05 17:35:00,16.23
2024-02-05 17:40:00,16.13
2024-02-05 17:45:00,16.04
2024-02-05 17:50:00,15.83
2024-02-05 17:55:00,15.53
2024-02-05 18:00:00,15.34
2024-02-05 18:05:00,15.24
2024-02-05 18:10:00,15.13
2024-02-05 18:15:00,14.94
2024-02-05 18:20:00,14.73
2024-02-05 18:25:00,14.53
2024-02-05 18:30:00,14.31
2024-02-05 18:35:00,14.03
2024-02-05 18:40:00,13.83
2024-02-05 18:45:00,13.63
2024-02-05 18:50:00,13.43
2024-02-05 18:55:00,13.23
2024-02-05 19:00:00,12.83
2024-02-05 19:05:00,12.83
2024-02-05 19:10:00,12.73
2024-02-05 19:15:00,12.67
2024-02-05 19:20:00,12.63
2024-02-05 19:25:00,12.22
2024-02-05 19:30:00,12.03
2024-02-05 19:35:00,11.82
2024-02-05 19:40:00,11.82
2024-02-05 19:45:00,11.73
2024-02-05 19:50:00,11.33
2024-02-05 19:55:00,11.12
2024-02-05 20:00:00,10.63
2024-02-05 20:05:00,10.59
2024-02-05 20:10:00,10.12
2024-02-05 20:15:00,10.32
2024-02-05 20:20:00,10.43
2024-02-05 20:25:00,10.53
2024-02-05 20:30:00,10.82
2024-02-05 20:35:00,10.72
2024-02-05 20:40:00,10.43
2024-02-05 20:45:00,10.23
2024-02-05 20:50:00,10.23
2024-02-05 20:55:00,10.32
2024-02-05 21:00:00,10.23
2024-02-05 21:05:00,10.23
2024-02-05 21:10:00,10.23
2024-02-05 21:15:00,9.83
2024-02-05 21:20:00,9.62
2024-02-05 21:25:00,9.53
2024-02-05 21:30:00,9.53
2024-02-05 21:35:00,9.53
2024-02-05 21:40:00,9.62
2024-02-05 21:45:00,9.62
2024-02-05 21:50:00,9.72
2024-02-05 21:55:00,10.02
2024-02-05 22:00:00,10.12
2024-02-05 22:05:00,9.93
2024-02-05 22:10:00,9.93
2024-02-05 22:15:00,9.83
2024-02-05 22:20:00,9.93
2024-02-05 22:25:00,9.93
2024-02-05 22:30:00,9.93
2024-02-05 22:35:00,9.93
2024-02-05 22:40:00,9.72
2024-02-05 22:45:00,9.93
2024-02-05 22:50:00,9.93
2024-02-05 22:55:00,9.93
2024-02-05 23:00:00,9.88
2024-02-05 23:05:00,9.93
2024-02-05 23:10:00,9.91
2024-02-05 23:15:00,10.02
2024-02-05 23:20:00,9.93
2024-02-05 23:25:00,10.02
2024-02-05 23:30:00,9.83
2024-02-05 23:35:00,9.62
2024-02-05 23:40:00,9.83
2024-02-05 23:45:00,9.83
2024-02-05 23:50:00,9.62
2024-02-05 23:55:00,9.62
2024-02-06 00:00:00,9.83
2024-02-06 00:05:00,9.93
2024-02-06 00:10:00,9.93
2024-02-06 00:15:00,9.83
2024-02-06 00:20:00,9.93
2024-02-06 00:25:00,9.9
2024-02-06 00:30:00,9.72
2024-02-06 00:35:00,9.72
2024-02-06 00:40:00,9.62
2024-02-06 00:45:00,9.83
2024-02-06 00:50:00,10.02
2024-02-06 00:55:00,9.83
2024-02-06 01:00:00,10.02
2024-02-06 01:05:00,9.93
2024-02-06 01:10:00,10.02
2024-02-06 01:15:00,9.73
2024-02-06 01:20:00,9.72
2024-02-06 01:25:00,9.93
2024-02-06 01:30:00,10.12
2024-02-06 01:35:00,10.12
2024-02-06 01:40:00,10.12
2024-02-06 01:45:00,9.93
2024-02-06 01:50:00,9.93
2024-02-06 01:55:00,9.83
2024-02-06 02:00:00,9.93
2024-02-06 02:05:00,9.93
2024-02-06 02:10:00,9.72
2024-02-06 02:15:00,9.53
2024-02-06 02:20:00,9.62
2024-02-06 02:25:00,9.53
2024-02-06 02:30:00,9.83
2024-02-06 02:35:00,9.83
2024-02-06 02:40:00,9.62
2024-02-06 02:45:00,9.53
2024-02-06 02:50:00,9.72
2024-02-06 02:55:00,9.72
2024-02-06 03:00:00,9.72
2024-02-06 03:05:00,9.72
2024-02-06 03:10:00,9.62
2024-02-06 03:15:00,9.53
2024-02-06 03:20:00,9.42
2024-02-06 03:25:00,9.42
2024-02-06 03:30:00,9.42
2024-02-06 03:35:00,9.53
2024-02-06 03:40:00,9.72
2024-02-06 03:45:00,9.62
2024-02-06 03:50:00,9.53
2024-02-06 03:55:00,9.53
2024-02-06 04:00:00,9.32
2024-02-06 04:05:00,9.22
2024-02-06 04:10:00,9.32
2024-02-06 04:15:00,9.83
2024-02-06 04:20:00,9.72
2024-02-06 04:25:00,9.62
2024-02-06 04:30:00,9.53
2024-02-06 04:35:00,9.53
2024-02-06 04:40:00,9.53
2024-02-06 04:45:00,9.53
2024-02-06 04:50:00,9.83
2024-02-06 04:55:00,9.83
2024-02-06 05:00:00,9.85
2024-02-06 05:05:00,9.72
2024-02-06 05:10:00,9.62
2024-02-06 05:15:00,9.53
2024-02-06 05:20:00,9.32
2024-02-06 05:25:00,9.32
2024-02-06 05:30:00,9.12
2024-02-06 05:35:00,9.02
2024-02-06 05:40:00,8.92
2024-02-06 05:45:00,8.92
2024-02-06 05:50:00,9.02
2024-02-06 05:55:00,8.92
2024-02-06 06:00:00,9.13
2024-02-06 06:05:00,9.12
2024-02-06 06:10:00,9.32
2024-02-06 06:15:00,9.53
2024-02-06 06:20:00,9.93
2024-02-06 06:25:00,10.02
2024-02-06 06:30:00,9.93
2024-02-06 06:35:00,9.93
2024-02-06 06:40:00,9.93
2024-02-06 06:45:00,9.93
2024-02-06 06:50:00,9.93
2024-02-06 06:55:00,9.93
2024-02-06 07:00:00,9.72
2024-02-06 07:05:00,9.72
2024-02-06 07:10:00,9.72
2024-02-06 07:15:00,9.83
2024-02-06 07:20:00,9.62
2024-02-06 07:25:00,9.53
2024-02-06 07:30:00,9.42
2024-02-06 07:35:00,9.42
2024-02-06 07:40:00,9.32
2024-02-06 07:45:00,9.32
2024-02-06 07:50:00,9.53
2024-02-06 07:55:00,9.43
2024-02-06 08:00:00,9.42
2024-02-06 08:05:00,9.62
2024-02-06 08:10:00,9.62
2024-02-06 08:15:00,9.62
2024-02-06 08:20:00,9.83
2024-02-06 08:25:00,9.93
2024-02-06 08:30:00,10.02
2024-02-06 08:35:00,10.23
2024-02-06 08:40:00,10.23
2024-02-06 08:45:00,10.23
2024-02-06 08:50:00,10.32
2024-02-06 08:55:00,10.53
2024-02-06 09:00:00,10.43
2024-02-06 09:05:00,10.53
2024-02-06 09:10:00,10.72
2024-02-06 09:15:00,10.93
2024-02-06 09:20:00,11.23
2024-02-06 09:25:00,11.53
2024-02-06 09:30:00,11.63
2024-02-06 09:35:00,11.73
2024-02-06 09:40:00,11.82
2024-02-06 09:45:00,11.82
2024-02-06 09:50:00,11.93
2024-02-06 09:55:00,11.93
2024-02-06 10:00:00,12.03
2024-02-06 10:05:00,12.03
2024-02-06 10:10:00,12.22
2024-02-06 10:15:00,12.33
2024-02-06 10:20:00,12.83
2024-02-06 10:25:00,13.43
2024-02-06 10:30:00,14.13
2024-02-06 10:35:00,14.53
2024-02-06 10:40:00,14.93
2024-02-06 10:45:00,15.03
2024-02-06 10:50:00,15.22
2024-02-06 10:55:00,15.23
2024-02-06 11:00:00,15.34
2024-02-06 11:05:00,15.53
2024-02-06 11:10:00,15.83
2024-02-06 11:15:00,16.23
2024-02-06 11:20:00,16.23
2024-02-06 11:25:00,16.33
2024-02-06 11:30:00,16.44
2024-02-06 11:35:00,16.74
2024-02-06 11:40:00,17.23
2024-02-06 11:45:00,17.44
2024-02-06 11:50:00,17.63
2024-02-06 11:55:00,17.95
2024-02-06 12:00:00,18.14
2024-02-06 12:05:00,18.34
2024-02-06 12:10:00,18.64
2024-02-06 12:15:00,18.84
2024-02-06 12:20:00,18.84
2024-02-06 12:25:00,18.84
2024-02-06 12:30:00,19.14
2024-02-06 12:35:00,19.74
2024-02-06 12:40:00,19.94
2024-02-06 12:45:00,20.24
2024-02-06 12:50:00,20.44
2024-02-06 12:55:00,20.84
2024-02-06 13:00:00,20.94
2024-02-06 13:05:00,21.04
2024-02-06 13:10:00,20.84
2024-02-06 13:15:00,21.15
2024-02-06 13:20:00,21.24
2024-02-06 13:25:00,21.15
2024-02-06 13:30:00,21.35
2024-02-06 13:35:00,21.75
2024-02-06 13:40:00,21.85
2024-02-06 13:45:00,21.94
2024-02-06 13:50:00,21.95
2024-02-06 13:55:00,22.05
2024-02-06 14:00:00,22.25
2024-02-06 14:05:00,22.45
2024-02-06 14:10:00,22.65
2024-02-06 14:15:00,22.35
2024-02-06 14:20:00,22.25
2024-02-06 14:25:00,22.55
2024-02-06 14:30:00,22.75
2024-02-06 14:35:00,22.35
2024-02-06 14:40:00,22.15
2024-02-06 14:45:00,21.95
2024-02-06 14:50:00,21.65
2024-02-06 14:55:00,21.65
2024-02-06 15:00:00,21.65
2024-02-06 15:05:00,21.75
2024-02-06 15:10:00,21.85
2024-02-06 15:15:00,21.85
2024-02-06 15:20:00,21.85
2024-02-06 15:25:00,21.95
2024-02-06 15:30:00,21.95
2024-02-06 15:35:00,21.75
2024-02-06 15:40:00,21.65
2024-02-06 15:45:00,21.35
2024-02-06 15:50:00,21.15
2024-02-06 15:55:00,21.05
2024-02-06 16:00:00,21.05
2024-02-06 16:05:00,20.95
2024-02-06 16:10:00,20.85
2024-02-06 16:15:00,20.75
2024-02-06 16:20:00,20.65
2024-02-06 16:25:00,20.65
2024-02-06 16:30:00,20.65
2024-02-06 16:35:00,20.85
2024-02-06 16:40:00,20.95
2024-02-06 16:45:00,20.95
2024-02-06 16:50:00,20.75
2024-02-06 16:55:00,20.55
2024-02-06 17:00:00,20.35
2024-02-06 17:05:00,20.15
2024-02-06 17:10:00,19.95
2024-02-06 17:15:00,19.75
2024-02-06 17:20:00,19.55
2024-02-06 17:25:00,19.45
2024-02-06 17:30:00,19.34
2024-02-06 17:35:00,19.15
2024-02-06 17:40:00,18.94
2024-02-06 17:45:00,18.85
2024-02-06 17:50:00,18.65
2024-02-06 17:55:00,18.45
2024-02-06 18:00:00,18.24
2024-02-06 18:05:00,18.15
2024-02-06 18:10:00,17.95
2024-02-06 18:15:00,17.75
2024-02-06 18:20:00,17.52
2024-02-06 18:25:00,17.35
2024-02-06 18:30:00,17.14
2024-02-06 18:35:00,16.74
2024-02-06 18:40:00,15.95
2024-02-06 18:45:00,15.74
2024-02-06 18:50:00,15.74
2024-02-06 18:55:00,15.55
2024-02-06 19:00:00,15.34
2024-02-06 19:05:00,15.34
2024-02-06 19:10:00,15.34
2024-02-06 19:15:00,15.14
2024-02-06 19:20:00,14.74
2024-02-06 19:25:00,14.74
2024-02-06 19:30:00,14.84
2024-02-06 19:35:00,14.94
2024-02-06 19:40:00,14.94
2024-02-06 19:45:00,14.84
2024-02-06 19:50:00,14.84
2024-02-06 19:55:00,14.14
2024-02-06 20:00:00,13.94
2024-02-06 20:05:00,13.94
2024-02-06 20:10:00,13.74
2024-02-06 20:15:00,13.93
2024-02-06 20:20:00,13.94
2024-02-06 20:25:00,14.14
2024-02-06 20:30:00,13.94
2024-02-06 20:35:00,13.64
2024-02-06 20:40:00,13.54
2024-02-06 20:45:00,13.24
2024-02-06 20:50:00,12.74
2024-02-06 20:55:00,12.43
2024-02-06 21:00:00,12.24
2024-02-06 21:05:00,11.94
2024-02-06 21:10:00,11.64
2024-02-06 21:15:00,11.54
2024-02-06 21:20:00,11.54
2024-02-06 21:25:00,11.73
2024-02-06 21:30:00,11.84
2024-02-06 21:35:00,11.84
2024-02-06 21:40:00,11.94
2024-02-06 21:45:00,11.94
2024-02-06 21:50:00,13.54
2024-02-06 21:55:00,15.55
2024-02-06 22:00:00,14.91
2024-02-06 22:05:00,14.54
2024-02-06 22:10:00,14.74
2024-02-06 22:15:00,14.34
2024-02-06 22:20:00,13.44
2024-02-06 22:25:00,12.74
2024-02-06 22:30:00,12.43
2024-02-06 22:35:00,12.43
2024-02-06 22:40:00,13.54
2024-02-06 22:45:00,14.24
2024-02-06 22:50:00,14.24
2024-02-06 22:55:00,13.24
2024-02-06 23:00:00,13.14
2024-02-06 23:05:00,12.83
2024-02-06 23:10:00,12.64
2024-02-06 23:15:00,12.53
2024-02-06 23:20:00,12.43
2024-02-06 23:25:00,12.03
2024-02-06 23:30:00,11.73
2024-02-06 23:35:00,11.73
2024-02-06 23:40:00,11.54
2024-02-06 23:45:00,11.44
2024-02-06 23:50:00,11.24
2024-02-06 23:55:00,11.33
2024-02-07 00:00:00,11.64
2024-02-07 00:05:00,11.54
2024-02-07 00:10:00,11.64
2024-02-07 00:15:00,11.84
2024-02-07 00:20:00,11.84
2024-02-07 00:25:00,11.24
2024-02-07 00:30:00,11.14
2024-02-07 00:35:00,11.24
2024-02-07 00:40:00,11.33
2024-02-07 00:45:00,11.54
2024-02-07 00:50:00,11.24
2024-02-07 00:55:00,11.24
2024-02-07 01:00:00,11.24
2024-02-07 01:05:00,11.14
2024-02-07 01:10:00,10.93
2024-02-07 01:15:00,10.63
2024-02-07 01:20:00,10.14
2024-02-07 01:25:00,9.73
2024-02-07 01:30:00,9.53
2024-02-07 01:35:00,9.53
2024-02-07 01:40:00,9.63
2024-02-07 01:45:00,9.73
2024-02-07 01:50:00,10.14
2024-02-07 01:55:00,10.53
2024-02-07 02:00:00,11.14
2024-02-07 02:05:00,11.54
2024-02-07 02:10:00,11.73
2024-02-07 02:15:00,11.84
2024-02-07 02:20:00,11.73
2024-02-07 02:25:00,11.73
2024-02-07 02:30:00,11.54
2024-02-07 02:35:00,10.93
2024-02-07 02:40:00,10.43
2024-02-07 02:45:00,10.63
2024-02-07 02:50:00,11.03
2024-02-07 02:55:00,11.24
2024-02-07 03:00:00,11.14
2024-02-07 03:05:00,10.84
2024-02-07 03:10:00,10.53
2024-02-07 03:15:00,9.93
2024-02-07 03:20:00,9.63
2024-02-07 03:25:00,9.63
2024-02-07 03:30:00,9.83
2024-02-07 03:35:00,10.53
2024-02-07 03:40:00,10.14
2024-02-07 03:45:00,9.43
2024-02-07 03:50:00,9.33
2024-02-07 03:55:00,9.13
2024-02-07 04:00:00,8.93
2024-02-07 04:05:00,9.23
2024-02-07 04:10:00,9.53
2024-02-07 04:15:00,9.33
2024-02-07 04:20:00,9.13
2024-02-07 04:25:00,9.13
2024-02-07 04:30:00,9.23
2024-02-07 04:35:00,9.23
2024-02-07 04:40:00,9.23
2024-02-07 04:45:00,9.13
2024-02-07 04:50:00,9.13
2024-02-07 04:55:00,9.13
2024-02-07 05:00:00,9.23
2024-02-07 05:05:00,9.23
2024-02-07 05:10:00,9.23
2024-02-07 05:15:00,9.53
2024-02-07 05:20:00,9.55
2024-02-07 05:25:00,9.43
2024-02-07 05:30:00,9.33
2024-02-07 05:35:00,9.53
2024-02-07 05:40:00,9.93
2024-02-07 05:45:00,10.03
2024-02-07 05:50:00,10.03
2024-02-07 05:55:00,9.73
2024-02-07 06:00:00,9.63
2024-02-07 06:05:00,9.63
2024-02-07 06:10:00,9.63
2024-02-07 06:15:00,9.53
2024-02-07 06:20:00,9.93
2024-02-07 06:25:00,10.03
2024-02-07 06:30:00,9.73
2024-02-07 06:35:00,9.43
2024-02-07 06:40:00,9.23
2024-02-07 06:45:00,9.03
2024-02-07 06:50:00,8.93
2024-02-07 06:55:00,8.83
2024-02-07 07:00:00,8.83
2024-02-07 07:05:00,8.73
2024-02-07 07:10:00,8.43
2024-02-07 07:15:00,7.83
2024-02-07 07:20:00,8.03
2024-02-07 07:25:00,8.43
2024-02-07 07:30:00,8.83
2024-02-07 07:35:00,8.83
2024-02-07 07:40:00,8.73
2024-02-07 07:45:00,9.13
2024-02-07 07:50:00,9.43
2024-02-07 07:55:00,9.53
2024-02-07 08:00:00,9.33
2024-02-07 08:05:00,9.63
2024-02-07 08:10:00,9.63
2024-02-07 08:15:00,9.73
2024-02-07 08:20:00,9.73
2024-02-07 08:25:00,9.73
2024-02-07 08:30:00,9.73
2024-02-07 08:35:00,9.83
2024-02-07 08:40:00,10.13
2024-02-07 08:45:00,10.33
2024-02-07 08:50:00,11.13
2024-02-07 08:55:00,11.64
2024-02-07 09:00:00,12.03
2024-02-07 09:05:00,12.23
2024-02-07 09:10:00,12.34
2024-02-07 09:15:00,12.34
2024-02-07 09:20:00,12.63
2024-02-07 09:25:00,12.83
2024-02-07 09:30:00,13.34
2024-02-07 09:35:00,13.84
2024-02-07 09:40:00,14.33
2024-02-07 09:45:00,14.84
2024-02-07 09:50:00,15.24
2024-02-07 09:55:00,15.37
2024-02-07 10:00:00,15.64
2024-02-07 10:05:00,15.84
2024-02-07 10:10:00,16.04
2024-02-07 10:15:00,16.34
2024-02-07 10:20:00,16.54
2024-02-07 10:25:00,16.84
2024-02-07 10:30:00,17.14
2024-02-07 10:35:00,17.24
2024-02-07 10:40:00,17.54
2024-02-07 10:45:00,17.64
2024-02-07 10:50:00,17.94
2024-02-07 10:55:00,18.04
2024-02-07 11:00:00,18.15
2024-02-07 11:05:00,18.44
2024-02-07 11:10:00,18.64
2024-02-07 11:15:00,18.74
2024-02-07 11:20:00,19.04
2024-02-07 11:25:00,19.04
2024-02-07 11:30:00,19.14
2024-02-07 11:35:00,19.34
2024-02-07 11:40:00,19.44
2024-02-07 11:45:00,19.74
2024-02-07 11:50:00,19.95
2024-02-07 11:55:00,20.05
2024-02-07 12:00:00,19.95
2024-02-07 12:05:00,20.25
2024-02-07 12:10:00,20.44
2024-02-07 12:15:00,20.55
2024-02-07 12:20:00,20.55
2024-02-07 12:25:00,20.66
2024-02-07 12:30:00,20.65
2024-02-07 12:35:00,20.54
2024-02-07 12:40:00,20.84
2024-02-07 12:45:00,20.83
2024-02-07 12:50:00,20.75
2024-02-07 12:55:00,20.94
2024-02-07 13:00:00,20.84
2024-02-07 13:05:00,21.15
2024-02-07 13:10:00,21.15
2024-02-07 13:15:00,21.35
2024-02-07 13:20:00,21.54
2024-02-07 13:25:00,21.85
2024-02-07 13:30:00,21.95
2024-02-07 13:35:00,21.95
2024-02-07 13:40:00,22.05
2024-02-07 13:45:00,22.25
2024-02-07 13:50:00,22.35
2024-02-07 13:55:00,22.35
2024-02-07 14:00:00,22.45
2024-02-07 14:05:00,22.45
2024-02-07 14:10:00,22.55
2024-02-07 14:15:00,22.55
2024-02-07 14:20:00,22.45
2024-02-07 14:25:00,22.45
2024-02-07 14:30:00,22.45
2024-02-07 14:35:00,22.25
2024-02-07 14:40:00,22.15
2024-02-07 14:45:00,22.15
2024-02-07 14:50:00,22.25
2024-02-07 14:55:00,22.25
2024-02-07 15:00:00,22.25
2024-02-07 15:05:00,22.05
2024-02-07 15:10:00,21.95
2024-02-07 15:15:00,21.94
2024-02-07 15:20:00,21.73
2024-02-07 15:25:00,21.54
2024-02-07 15:30:00,21.45
2024-02-07 15:35:00,21.54
2024-02-07 15:40:00,21.54
2024-02-07 15:45:00,21.35
2024-02-07 15:50:00,21.35
2024-02-07 15:55:00,21.15
2024-02-07 16:00:00,20.84
2024-02-07 16:05:00,20.65
2024-02-07 16:10:00,20.55
2024-02-07 16:15:00,20.45
2024-02-07 16:20:00,20.35
2024-02-07 16:25:00,20.35
2024-02-07 16:30:00,20.25
2024-02-07 16:35:00,20.35
2024-02-07 16:40:00,20.35
2024-02-07 16:45:00,20.35
2024-02-07 16:50:00,20.26
2024-02-07 16:55:00,20.15
2024-02-07 17:00:00,20.05
2024-02-07 17:05:00,20.05
2024-02-07 17:10:00,20.15
2024-02-07 17:15:00,20.25
2024-02-07 17:20:00,20.15
2024-02-07 17:25:00,20.15
2024-02-07 17:30:00,19.95
2024-02-07 17:35:00,19.75
2024-02-07 17:40:00,19.55
2024-02-07 17:45:00,19.34
2024-02-07 17:50:00,19.05
2024-02-07 17:55:00,18.85
2024-02-07 18:00:00,18.64
2024-02-07 18:05:00,18.55
2024-02-07 18:10:00,18.34
2024-02-07 18:15:00,18.24
2024-02-07 18:20:00,17.75
2024-02-07 18:25:00,17.54
2024-02-07 18:30:00,17.24
2024-02-07 18:35:00,17.05
2024-02-07 18:40:00,16.94
2024-02-07 18:45:00,16.82
2024-02-07 18:50:00,16.24
2024-02-07 18:55:00,16.04
2024-02-07 19:00:00,15.84
2024-02-07 19:05:00,15.74
2024-02-07 19:10:00,14.84
2024-02-07 19:15:00,14.74
2024-02-07 19:20:00,14.54
2024-02-07 19:25:00,14.74
2024-02-07 19:30:00,15.44
2024-02-07 19:35:00,15.44
2024-02-07 19:40:00,15.64
2024-02-07 19:45:00,15.24
2024-02-07 19:50:00,14.84
2024-02-07 19:55:00,14.94
2024-02-07 20:00:00,15.04
2024-02-07 20:05:00,14.74
2024-02-07 20:10:00,14.84
2024-02-07 20:15:00,14.84
2024-02-07 20:20:00,15.04
2024-02-07 20:25:00,15.24
2024-02-07 20:30:00,15.44
2024-02-07 20:35:00,15.55
2024-02-07 20:40:00,15.34
2024-02-07 20:45:00,15.24
2024-02-07 20:50:00,15.04
2024-02-07 20:55:00,14.94
2024-02-07 21:00:00,15.24
2024-02-07 21:05:00,15.34
2024-02-07 21:10:00,15.44
2024-02-07 21:15:00,15.44
2024-02-07 21:20:00,15.64
2024-02-07 21:25:00,15.64
2024-02-07 21:30:00,15.64
2024-02-07 21:35:00,16.34
2024-02-07 21:40:00,16.64
2024-02-07 21:45:00,16.74
2024-02-07 21:50:00,16.74
2024-02-07 21:55:00,16.44
2024-02-07 22:00:00,16.34
2024-02-07 22:05:00,16.14
2024-02-07 22:10:00,15.84
2024-02-07 22:15:00,16.02
2024-02-07 22:20:00,15.94
2024-02-07 22:25:00,15.94
2024-02-07 22:30:00,15.74
2024-02-07 22:35:00,15.64
2024-02-07 22:40:00,15.84
2024-02-07 22:45:00,16.04
2024-02-07 22:50:00,16.44
2024-02-07 22:55:00,16.34
2024-02-07 23:00:00,16.14
2024-02-07 23:05:00,16.04
2024-02-07 23:10:00,15.84
2024-02-07 23:15:00,15.55
2024-02-07 23:20:00,15.04
2024-02-07 23:25:00,14.74
2024-02-07 23:30:00,14.94
2024-02-07 23:35:00,15.84
2024-02-07 23:40:00,16.04
2024-02-07 23:45:00,15.94
2024-02-07 23:50:00,15.55
2024-02-07 23:55:00,15.34
2024-02-08 00:00:00,15.04
2024-02-08 00:05:00,14.64
2024-02-08 00:10:00,14.64
2024-02-08 00:15:00,14.34
2024-02-08 00:20:00,14.04
2024-02-08 00:25:00,13.54
2024-02-08 00:30:00,13.13
2024-02-08 00:35:00,13.04
2024-02-08 00:40:00,12.83
2024-02-08 00:45:00,12.64
2024-02-08 00:50:00,12.43
2024-02-08 00:55:00,12.34
2024-02-08 01:00:00,12.43
2024-02-08 01:05:00,12.53
2024-02-08 01:10:00,12.74
2024-02-08 01:15:00,12.43
2024-02-08 01:20:00,12.34
2024-02-08 01:25:00,12.43
2024-02-08 01:30:00,12.34
2024-02-08 01:35:00,12.64
2024-02-08 01:40:00,12.83
2024-02-08 01:45:00,12.64
2024-02-08 01:50:00,12.34
2024-02-08 01:55:00,12.83
2024-02-08 02:00:00,12.94
2024-02-08 02:05:00,12.53
2024-02-08 02:10:00,12.23
2024-02-08 02:15:00,12.13
2024-02-08 02:20:00,12.23
2024-02-08 02:25:00,12.03
2024-02-08 02:30:00,11.84
2024-02-08 02:35:00,11.73
2024-02-08 02:40:00,11.73
2024-02-08 02:45:00,11.33
2024-02-08 02:50:00,11.24
2024-02-08 02:55:00,11.03
2024-02-08 03:00:00,11.03
2024-02-08 03:05:00,11.13
2024-02-08 03:10:00,11.54
2024-02-08 03:15:00,11.73
2024-02-08 03:20:00,11.94
2024-02-08 03:25:00,11.94
2024-02-08 03:30:00,11.94
2024-02-08 03:35:00,11.83
2024-02-08 03:40:00,11.84
2024-02-08 03:45:00,12.03
2024-02-08 03:50:00,12.13
2024-02-08 03:55:00,11.94
2024-02-08 04:00:00,11.73
2024-02-08 04:05:00,11.73
2024-02-08 04:10:00,11.84
2024-02-08 04:15:00,11.84
2024-02-08 04:20:00,11.83
2024-02-08 04:25:00,11.87
2024-02-08 04:30:00,11.94
2024-02-08 04:35:00,11.83
2024-02-08 04:40:00,11.52
2024-02-08 04:45:00,11.33
2024-02-08 04:50:00,11.33
2024-02-08 04:55:00,11.33
2024-02-08 05:00:00,11.54
2024-02-08 05:05:00,11.43
2024-02-08 05:10:00,11.43
2024-02-08 05:15:00,11.24
2024-02-08 05:20:00,11.03
2024-02-08 05:25:00,11.03
2024-02-08 05:30:00,10.93
2024-02-08 05:35:00,10.84
2024-02-08 05:40:00,10.63
2024-02-08 05:45:00,10.53
2024-02-08 05:50:00,10.43
2024-02-08 05:55:00,10.42
2024-02-08 06:00:00,10.83
2024-02-08 06:05:00,11.13
2024-02-08 06:10:00,11.05
2024-02-08 06:15:00,11.03
2024-02-08 06:20:00,10.53
2024-02-08 06:25:00,10.23
2024-02-08 06:30:00,10.33
2024-02-08 06:35:00,10.13
2024-02-08 06:40:00,10.03
2024-02-08 06:45:00,9.93
2024-02-08 06:50:00,9.73
2024-02-08 06:55:00,9.83
2024-02-08 07:00:00,9.53
2024-02-08 07:05:00,9.73
2024-02-08 07:10:00,9.73
2024-02-08 07:15:00,9.63
2024-02-08 07:20:00,9.78
2024-02-08 07:25:00,9.93
2024-02-08 07:30:00,10.03
2024-02-08 07:35:00,9.93
2024-02-08 07:40:00,10.23
2024-02-08 07:45:00,10.33
2024-02-08 07:50:00,10.33
2024-02-08 07:55:00,10.23
2024-02-08 08:00:00,10.13
2024-02-08 08:05:00,9.83
2024-02-08 08:10:00,9.83
2024-02-08 08:15:00,9.53
2024-02-08 08:20:00,9.53
2024-02-08 08:25:00,9.93
2024-02-08 08:30:00,10.13
2024-02-08 08:35:00,10.43
2024-02-08 08:40:00,10.63
2024-02-08 08:45:00,10.63
2024-02-08 08:50:00,10.63
2024-02-08 08:55:00,10.83
2024-02-08 09:00:00,11.33
2024-02-08 09:05:00,11.43
2024-02-08 09:10:00,11.43
2024-02-08 09:15:00,11.64
2024-02-08 09:20:00,11.73
2024-02-08 09:25:00,11.83
2024-02-08 09:30:00,11.94
2024-02-08 09:35:00,12.03
2024-02-08 09:40:00,12.23
2024-02-08 09:45:00,12.63
2024-02-08 09:50:00,12.83
2024-02-08 09:55:00,13.13
2024-02-08 10:00:00,13.34
2024-02-08 10:05:00,13.74
2024-02-08 10:10:00,14.14
2024-02-08 10:15:00,14.54
2024-02-08 10:20:00,15.04
2024-02-08 10:25:00,15.44
2024-02-08 10:30:00,15.64
2024-02-08 10:35:00,15.84
2024-02-08 10:40:00,16.14
2024-02-08 10:45:00,16.44
2024-02-08 10:50:00,16.74
2024-02-08 10:55:00,16.94
2024-02-08 11:00:00,17.24
2024-02-08 11:05:00,17.54
2024-02-08 11:10:00,17.84
2024-02-08 11:15:00,18.04
2024-02-08 11:20:00,18.04
2024-02-08 11:25:00,18.15
2024-02-08 11:30:00,18.44
2024-02-08 11:35:00,18.55
2024-02-08 11:40:00,18.55
2024-02-08 11:45:00,18.74
2024-02-08 11:50:00,18.85
2024-02-08 11:55:00,19.04
2024-02-08 12:00:00,19.16
2024-02-08 12:05:00,19.25
2024-02-08 12:10:00,19.34
2024-02-08 12:15:00,19.55
2024-02-08 12:20:00,19.65
2024-02-08 12:25:00,19.74
2024-02-08 12:30:00,19.95
2024-02-08 12:35:00,20.05
2024-02-08 12:40:00,20.05
2024-02-08 12:45:00,20.05
2024-02-08 12:50:00,20.14
2024-02-08 12:55:00,20.14
2024-02-08 13:00:00,20.14
2024-02-08 13:05:00,20.25
2024-02-08 13:10:00,20.35
2024-02-08 13:15:00,20.35
2024-02-08 13:20:00,20.44
2024-02-08 13:25:00,20.54
2024-02-08 13:30:00,20.44
2024-02-08 13:35:00,20.55
2024-02-08 13:40:00,20.75
2024-02-08 13:45:00,20.75
2024-02-08 13:50:00,20.75
2024-02-08 13:55:00,20.75
2024-02-08 14:00:00,20.65
2024-02-08 14:05:00,20.75
2024-02-08 14:10:00,20.84
2024-02-08 14:15:00,20.75
2024-02-08 14:20:00,20.65
2024-02-08 14:25:00,20.75
2024-02-08 14:30:00,20.94
2024-02-08 14:35:00,20.94
2024-02-08 14:40:00,20.84
2024-02-08 14:45:00,20.95
2024-02-08 14:50:00,20.65
2024-02-08 14:55:00,20.35
2024-02-08 15:00:00,20.35
2024-02-08 15:05:00,20.44
2024-02-08 15:10:00,20.55
2024-02-08 15:15:00,20.55
2024-02-08 15:20:00,20.65
2024-02-08 15:25:00,20.65
2024-02-08 15:30:00,20.35
2024-02-08 15:35:00,20.15
2024-02-08 15:40:00,19.85
2024-02-08 15:45:00,19.65
2024-02-08 15:50:00,19.55
2024-02-08 15:55:00,19.34
2024-02-08 16:00:00,19.25
2024-02-08 16:05:00,19.14
2024-02-08 16:10:00,18.94
2024-02-08 16:15:00,18.85
2024-02-08 16:20:00,18.79
2024-02-08 16:25:00,18.55
2024-02-08 16:30:00,18.45
2024-02-08 16:35:00,18.34
2024-02-08 16:40:00,18.24
2024-02-08 16:45:00,18.24
2024-02-08 16:50:00,18.15
2024-02-08 16:55:00,18.15
2024-02-08 17:00:00,18.04
2024-02-08 17:05:00,17.84
2024-02-08 17:10:00,17.84
2024-02-08 17:15:00,17.75
2024-02-08 17:20:00,17.54
2024-02-08 17:25:00,17.48
2024-02-08 17:30:00,17.45
2024-02-08 17:35:00,17.34
2024-02-08 17:40:00,17.34
2024-02-08 17:45:00,17.24
2024-02-08 17:50:00,17.14
2024-02-08 17:55:00,17.14
2024-02-08 18:00:00,17.04
2024-02-08 18:05:00,16.94
2024-02-08 18:10:00,16.94
2024-02-08 18:15:00,16.94
2024-02-08 18:20:00,16.84
2024-02-08 18:25:00,16.84
2024-02-08 18:30:00,16.84
2024-02-08 18:35:00,16.74
2024-02-08 18:40:00,16.74
2024-02-08 18:45:00,16.64
2024-02-08 18:50:00,16.54
2024-02-08 18:55:00,16.54
2024-02-08 19:00:00,16.54
2024-02-08 19:05:00,16.44
2024-02-08 19:10:00,16.44
2024-02-08 19:15:00,16.44
2024-02-08 19:20:00,16.37
2024-02-08 19:25:00,16.34
2024-02-08 19:30:00,16.24
2024-02-08 19:35:00,16.14
2024-02-08 19:40:00,16.04
2024-02-08 19:45:00,15.94
2024-02-08 19:50:00,15.84
2024-02-08 19:55:00,15.74
2024-02-08 20:00:00,15.64
2024-02-08 20:05:00,15.74
2024-02-08 20:10:00,15.74
2024-02-08 20:15:00,15.74
2024-02-08 20:20:00,15.84
2024-02-08 20:25:00,15.84
2024-02-08 20:30:00,15.74
2024-02-08 20:35:00,15.84
2024-02-08 20:40:00,15.9
2024-02-08 20:45:00,15.94
2024-02-08 20:50:00,15.84
2024-02-08 20:55:00,15.84
2024-02-08 21:00:00,15.74
2024-02-08 21:05:00,15.64
2024-02-08 21:10:00,15.64
2024-02-08 21:15:00,15.44
2024-02-08 21:20:00,15.27
2024-02-08 21:25:00,15.14
2024-02-08 21:30:00,15.14
2024-02-08 21:35:00,15.14
2024-02-08 21:40:00,15.04
2024-02-08 21:45:00,15.04
2024-02-08 21:50:00,14.84
2024-02-08 21:55:00,14.74
2024-02-08 22:00:00,14.63
2024-02-08 22:05:00,14.33
2024-02-08 22:10:00,14.44
2024-02-08 22:15:00,14.74
2024-02-08 22:20:00,15.04
2024-02-08 22:25:00,15.04
2024-02-08 22:30:00,15.04
2024-02-08 22:35:00,15.24
2024-02-08 22:40:00,15.24
2024-02-08 22:45:00,15.24
2024-02-08 22:50:00,15.34
2024-02-08 22:55:00,15.34
2024-02-08 23:00:00,15.34
2024-02-08 23:05:00,15.34
2024-02-08 23:10:00,15.34
2024-02-08 23:15:00,15.34
2024-02-08 23:20:00,15.34
2024-02-08 23:25:00,14.94
2024-02-08 23:30:00,14.74
2024-02-08 23:35:00,14.63
2024-02-08 23:40:00,14.63
2024-02-08 23:45:00,14.63
2024-02-08 23:50:00,14.63
2024-02-08 23:55:00,14.54
2024-02-09 00:00:00,14.54
2024-02-09 00:05:00,14.54
2024-02-09 00:10:00,14.54
2024-02-09 00:15:00,14.63
2024-02-09 00:20:00,14.63
2024-02-09 00:25:00,14.54
2024-02-09 00:30:00,14.24
2024-02-09 00:35:00,14.14
2024-02-09 00:40:00,14.1
2024-02-09 00:45:00,14.14
2024-02-09 00:50:00,14.24
2024-02-09 00:55:00,14.24
2024-02-09 01:00:00,14.14
2024-02-09 01:05:00,14.04
2024-02-09 01:10:00,14.04
2024-02-09 01:15:00,14.03
2024-02-09 01:20:00,14.04
2024-02-09 01:25:00,14.04
2024-02-09 01:30:00,14.04
2024-02-09 01:35:00,14.04
2024-02-09 01:40:00,14.07
2024-02-09 01:45:00,14.03
2024-02-09 01:50:00,13.94
2024-02-09 01:55:00,14.04
2024-02-09 02:00:00,14.04
2024-02-09 02:05:00,14.04
2024-02-09 02:10:00,14.14
2024-02-09 02:15:00,14.44
2024-02-09 02:20:00,14.74
2024-02-09 02:25:00,14.94
2024-02-09 02:30:00,15.04
2024-02-09 02:35:00,14.94
2024-02-09 02:40:00,14.63
2024-02-09 02:45:00,14.44
2024-02-09 02:50:00,14.34
2024-02-09 02:55:00,14.34
2024-02-09 03:00:00,14.63
2024-02-09 03:05:00,15.44
2024-02-09 03:10:00,15.94
2024-02-09 03:15:00,16.24
2024-02-09 03:20:00,16.34
2024-02-09 03:25:00,16.44
2024-02-09 03:30:00,16.44
2024-02-09 03:35:00,16.54
2024-02-09 03:40:00,16.64
2024-02-09 03:45:00,16.74
2024-02-09 03:50:00,16.74
2024-02-09 03:55:00,16.94
2024-02-09 04:00:00,17.04
2024-02-09 04:05:00,17.14
2024-02-09 04:10:00,17.34
2024-02-09 04:15:00,17.64
2024-02-09 04:20:00,17.64
2024-02-09 04:25:00,17.64
2024-02-09 04:30:00,16.84
2024-02-09 04:35:00,15.74
2024-02-09 04:40:00,15.24
2024-02-09 04:45:00,15.04
2024-02-09 04:50:00,14.94
2024-02-09 04:55:00,14.84
2024-02-09 05:00:00,14.84
2024-02-09 05:05:00,15.34
2024-02-09 05:10:00,15.74
2024-02-09 05:15:00,15.84
2024-02-09 05:20:00,15.84
2024-02-09 05:25:00,15.94
2024-02-09 05:30:00,16.04
2024-02-09 05:35:00,16.24
2024-02-09 05:40:00,16.44
2024-02-09 05:45:00,16.64
2024-02-09 05:50:00,16.64
2024-02-09 05:55:00,16.64
2024-02-09 06:00:00,16.54
2024-02-09 06:05:00,16.34
2024-02-09 06:10:00,16.14
2024-02-09 06:15:00,16.04
2024-02-09 06:20:00,15.84
2024-02-09 06:25:00,15.64
2024-02-09 06:30:00,15.44
2024-02-09 06:35:00,15.34
2024-02-09 06:40:00,15.24
2024-02-09 06:45:00,15.14
2024-02-09 06:50:00,15.14
2024-02-09 06:55:00,14.94
2024-02-09 07:00:00,14.84
2024-02-09 07:05:00,14.74
2024-02-09 07:10:00,14.73
2024-02-09 07:15:00,14.73
2024-02-09 07:20:00,14.63
2024-02-09 07:25:00,14.54
2024-02-09 07:30:00,14.44
2024-02-09 07:35:00,14.44
2024-02-09 07:40:00,14.33
2024-02-09 07:45:00,14.33
2024-02-09 07:50:00,14.33
2024-02-09 07:55:00,14.24
2024-02-09 08:00:00,14.14
2024-02-09 08:05:00,14.14
2024-02-09 08:10:00,14.14
2024-02-09 08:15:00,14.05
2024-02-09 08:20:00,13.93
2024-02-09 08:25:00,13.84
2024-02-09 08:30:00,13.44
2024-02-09 08:35:00,13.44
2024-02-09 08:40:00,13.44
2024-02-09 08:45:00,13.53
2024-02-09 08:50:00,13.64
2024-02-09 08:55:00,13.84
2024-02-09 09:00:00,13.93
2024-02-09 09:05:00,14.24
2024-02-09 09:10:00,14.84
2024-02-09 09:15:00,15.54
2024-02-09 09:20:00,15.84
2024-02-09 09:25:00,15.94
2024-02-09 09:30:00,16.04
2024-02-09 09:35:00,16.14
2024-02-09 09:40:00,16.14
2024-02-09 09:45:00,16.24
2024-02-09 09:50:00,16.34
2024-02-09 09:55:00,16.34
2024-02-09 10:00:00,16.34
2024-02-09 10:05:00,16.34
2024-02-09 10:10:00,16.34
2024-02-09 10:15:00,16.34
2024-02-09 10:20:00,16.34
2024-02-09 10:25:00,16.44
2024-02-09 10:30:00,16.44
2024-02-09 10:35:00,16.44
2024-02-09 10:40:00,16.54
2024-02-09 10:45:00,16.54
2024-02-09 10:50:00,16.54
2024-02-09 10:55:00,16.44
2024-02-09 11:00:00,16.44
2024-02-09 11:05:00,16.44
2024-02-09 11:10:00,16.44
2024-02-09 11:15:00,16.44
2024-02-09 11:20:00,16.44
2024-02-09 11:25:00,16.34
2024-02-09 11:30:00,16.44
2024-02-09 11:35:00,16.44
2024-02-09 11:40:00,16.44
2024-02-09 11:45:00,16.44
2024-02-09 11:50:00,16.44
2024-02-09 11:55:00,16.54
2024-02-09 12:00:00,16.44
2024-02-09 12:05:00,16.54
2024-02-09 12:10:00,16.74
2024-02-09 12:15:00,16.94
2024-02-09 12:20:00,17.14
2024-02-09 12:25:00,17.14
2024-02-09 12:30:00,17.24
2024-02-09 12:35:00,17.24
2024-02-09 12:40:00,17.24
2024-02-09 12:45:00,17.34
2024-02-09 12:50:00,17.45
2024-02-09 12:55:00,17.54
2024-02-09 13:00:00,17.54
2024-02-09 13:05:00,17.44
2024-02-09 13:10:00,17.44
2024-02-09 13:15:00,17.54
2024-02-09 13:20:00,17.64
2024-02-09 13:25:00,17.74
2024-02-09 13:30:00,18.04
2024-02-09 13:35:00,18.14
2024-02-09 13:40:00,18.04
2024-02-09 13:45:00,18.04
2024-02-09 13:50:00,17.94
2024-02-09 13:55:00,17.84
2024-02-09 14:00:00,17.74
2024-02-09 14:05:00,17.74
2024-02-09 14:10:00,17.82
2024-02-09 14:15:00,17.94
2024-02-09 14:20:00,17.94
2024-02-09 14:25:00,17.88
2024-02-09 14:30:00,17.75
2024-02-09 14:35:00,17.74
2024-02-09 14:40:00,17.94
2024-02-09 14:45:00,17.94
2024-02-09 14:50:00,17.94
2024-02-09 14:55:00,17.84
2024-02-09 15:00:00,17.84
2024-02-09 15:05:00,17.94
2024-02-09 15:10:00,17.94
2024-02-09 15:15:00,17.84
2024-02-09 15:20:00,17.64
2024-02-09 15:25:00,17.54
2024-02-09 15:30:00,17.45
2024-02-09 15:35:00,17.34
2024-02-09 15:40:00,17.34
2024-02-09 15:45:00,17.24
2024-02-09 15:50:00,17.2
2024-02-09 15:55:00,17.04
2024-02-09 16:00:00,16.94
2024-02-09 16:05:00,16.94
2024-02-09 16:10:00,16.94
2024-02-09 16:15:00,16.74
2024-02-09 16:20:00,16.64
2024-02-09 16:25:00,16.34
2024-02-09 16:30:00,16.24
2024-02-09 16:35:00,16.24
2024-02-09 16:40:00,16.24
2024-02-09 16:45:00,16.24
2024-02-09 16:50:00,16.24
2024-02-09 16:55:00,16.24
2024-02-09 17:00:00,16.34
2024-02-09 17:05:00,16.34
2024-02-09 17:10:00,16.24
2024-02-09 17:15:00,16.14
2024-02-09 17:20:00,15.94
2024-02-09 17:25:00,15.73
2024-02-09 17:30:00,15.64
2024-02-09 17:35:00,15.44
2024-02-09 17:40:00,15.24
2024-02-09 17:45:00,15.14
2024-02-09 17:50:00,15.14
2024-02-09 17:55:00,15.04
2024-02-09 18:00:00,14.94
2024-02-09 18:05:00,14.94
2024-02-09 18:10:00,14.94
2024-02-09 18:15:00,14.94
2024-02-09 18:20:00,14.94
2024-02-09 18:25:00,14.94
2024-02-09 18:30:00,14.94
2024-02-09 18:35:00,14.94
2024-02-09 18:40:00,14.94
2024-02-09 18:45:00,14.84
2024-02-09 18:50:00,14.84
2024-02-09 18:55:00,14.84
2024-02-09 19:00:00,14.84
2024-02-09 19:05:00,14.74
2024-02-09 19:10:00,14.84
2024-02-09 19:15:00,14.84
2024-02-09 19:20:00,14.84
2024-02-09 19:25:00,14.84
2024-02-09 19:30:00,14.94
2024-02-09 19:35:00,14.94
2024-02-09 19:40:00,14.94
2024-02-09 19:45:00,14.94
2024-02-09 19:50:00,14.98
2024-02-09 19:55:00,14.94
2024-02-09 20:00:00,14.94
2024-02-09 20:05:00,14.94
2024-02-09 20:10:00,14.94
2024-02-09 20:15:00,14.94
2024-02-09 20:20:00,14.94
2024-02-09 20:25:00,14.94
2024-02-09 20:30:00,14.84
2024-02-09 20:35:00,14.84
2024-02-09 20:40:00,14.73
2024-02-09 20:45:00,14.73
2024-02-09 20:50:00,14.63
2024-02-09 20:55:00,14.63
2024-02-09 21:00:00,14.54
2024-02-09 21:05:00,14.63
2024-02-09 21:10:00,14.54
2024-02-09 21:15:00,14.63
2024-02-09 21:20:00,14.54
2024-02-09 21:25:00,14.54
2024-02-09 21:30:00,14.54
2024-02-09 21:35:00,14.54
2024-02-09 21:40:00,14.54
2024-02-09 21:45:00,14.54
2024-02-09 21:50:00,14.54
2024-02-09 21:55:00,14.44
2024-02-09 22:00:00,14.54
2024-02-09 22:05:00,14.54
2024-02-09 22:10:00,14.54
2024-02-09 22:15:00,14.44
2024-02-09 22:20:00,14.33
2024-02-09 22:25:00,14.37
2024-02-09 22:30:00,14.54
2024-02-09 22:35:00,14.44
2024-02-09 22:40:00,14.44
2024-02-09 22:45:00,14.54
2024-02-09 22:50:00,14.62
2024-02-09 22:55:00,14.63
2024-02-09 23:00:00,14.63
2024-02-09 23:05:00,14.63
2024-02-09 23:10:00,14.73
2024-02-09 23:15:00,14.63
2024-02-09 23:20:00,14.35
2024-02-09 23:25:00,14.54
2024-02-09 23:30:00,14.44
2024-02-09 23:35:00,14.33
2024-02-09 23:40:00,14.14
2024-02-09 23:45:00,13.84
2024-02-09 23:50:00,13.64
2024-02-09 23:55:00,13.63
2024-02-10 00:00:00,13.53
2024-02-10 00:05:00,13.34
2024-02-10 00:10:00,12.63
2024-02-10 00:15:00,12.23
2024-02-10 00:20:00,12.23
2024-02-10 00:25:00,12.43
2024-02-10 00:30:00,12.83
2024-02-10 00:35:00,12.83
2024-02-10 00:40:00,13.04
2024-02-10 00:45:00,13.13
2024-02-10 00:50:00,13.23
2024-02-10 00:55:00,13.44
2024-02-10 01:00:00,13.34
2024-02-10 01:05:00,13.23
2024-02-10 01:10:00,13.13
2024-02-10 01:15:00,13.13
2024-02-10 01:20:00,12.74
2024-02-10 01:25:00,12.63
2024-02-10 01:30:00,12.33
2024-02-10 01:35:00,12.13
2024-02-10 01:40:00,12.03
2024-02-10 01:45:00,11.83
2024-02-10 01:50:00,11.64
2024-02-10 01:55:00,11.73
2024-02-10 02:00:00,11.83
2024-02-10 02:05:00,11.73
2024-02-10 02:10:00,11.64
2024-02-10 02:15:00,11.64
2024-02-10 02:20:00,11.73
2024-02-10 02:25:00,12.02
2024-02-10 02:30:00,12.43
2024-02-10 02:35:00,12.63
2024-02-10 02:40:00,12.83
2024-02-10 02:45:00,12.83
2024-02-10 02:50:00,12.93
2024-02-10 02:55:00,12.83
2024-02-10 03:00:00,12.93
2024-02-10 03:05:00,12.93
2024-02-10 03:10:00,12.81
2024-02-10 03:15:00,12.74
2024-02-10 03:20:00,12.74
2024-02-10 03:25:00,12.63
2024-02-10 03:30:00,12.63
2024-02-10 03:35:00,12.53
2024-02-10 03:40:00,12.53
2024-02-10 03:45:00,12.83
2024-02-10 03:50:00,12.93
2024-02-10 03:55:00,12.83
2024-02-10 04:00:00,13.04
2024-02-10 04:05:00,13.13
2024-02-10 04:10:00,13.13
2024-02-10 04:15:00,13.13
2024-02-10 04:20:00,12.83
2024-02-10 04:25:00,12.74
2024-02-10 04:30:00,12.43
2024-02-10 04:35:00,12.43
2024-02-10 04:40:00,12.03
2024-02-10 04:45:00,11.73
2024-02-10 04:50:00,11.33
2024-02-10 04:55:00,11.23
2024-02-10 05:00:00,11.43
2024-02-10 05:05:00,11.83
2024-02-10 05:10:00,11.93
2024-02-10 05:15:00,11.83
2024-02-10 05:20:00,12.03
2024-02-10 05:25:00,12.53
2024-02-10 05:30:00,12.74
2024-02-10 05:35:00,12.74
2024-02-10 05:40:00,12.74
2024-02-10 05:45:00,13.53
2024-02-10 05:50:00,13.9
2024-02-10 05:55:00,13.93
2024-02-10 06:00:00,13.93
2024-02-10 06:05:00,13.93
2024-02-10 06:10:00,13.93
2024-02-10 06:15:00,13.74
2024-02-10 06:20:00,13.64
2024-02-10 06:25:00,13.44
2024-02-10 06:30:00,13.44
2024-02-10 06:35:00,13.44
2024-02-10 06:40:00,13.44
2024-02-10 06:45:00,13.53
2024-02-10 06:50:00,13.74
2024-02-10 06:55:00,13.84
2024-02-10 07:00:00,13.74
2024-02-10 07:05:00,13.64
2024-02-10 07:10:00,13.64
2024-02-10 07:15:00,13.64
2024-02-10 07:20:00,13.44
2024-02-10 07:25:00,13.34
2024-02-10 07:30:00,13.23
2024-02-10 07:35:00,13.53
2024-02-10 07:40:00,13.53
2024-02-10 07:45:00,13.44
2024-02-10 07:50:00,13.44
2024-02-10 07:55:00,13.53
2024-02-10 08:00:00,13.53
2024-02-10 08:05:00,13.64
2024-02-10 08:10:00,13.63
2024-02-10 08:15:00,13.93
2024-02-10 08:20:00,14.03
2024-02-10 08:25:00,14.24
2024-02-10 08:30:00,14.24
2024-02-10 08:35:00,14.24
2024-02-10 08:40:00,14.44
2024-02-10 08:45:00,14.63
2024-02-10 08:50:00,14.94
2024-02-10 08:55:00,15.14
2024-02-10 09:00:00,15.34
2024-02-10 09:05:00,15.44
2024-02-10 09:10:00,15.74
2024-02-10 09:15:00,15.98
2024-02-10 09:20:00,16.24
2024-02-10 09:25:00,16.14
2024-02-10 09:30:00,15.73
2024-02-10 09:35:00,15.84
2024-02-10 09:40:00,16.04
2024-02-10 09:45:00,16.14
2024-02-10 09:50:00,16.24
2024-02-10 09:55:00,16.44
2024-02-10 10:00:00,16.64
2024-02-10 10:05:00,16.74
2024-02-10 10:10:00,16.84
2024-02-10 10:15:00,16.94
2024-02-10 10:20:00,17.04
2024-02-10 10:25:00,17.27
2024-02-10 10:30:00,17.54
2024-02-10 10:35:00,17.84
2024-02-10 10:40:00,18.04
2024-02-10 10:45:00,18.24
2024-02-10 10:50:00,18.34
2024-02-10 10:55:00,18.55
2024-02-10 11:00:00,18.74
2024-02-10 11:05:00,18.44
2024-02-10 11:10:00,18.64
2024-02-10 11:15:00,18.84
2024-02-10 11:20:00,18.44
2024-02-10 11:25:00,18.55
2024-02-10 11:30:00,18.74
2024-02-10 11:35:00,18.44
2024-02-10 11:40:00,18.64
2024-02-10 11:45:00,18.84
2024-02-10 11:50:00,19.14
2024-02-10 11:55:00,18.84
2024-02-10 12:00:00,18.84
2024-02-10 12:05:00,19.04
2024-02-10 12:10:00,19.54
2024-02-10 12:15:00,19.84
2024-02-10 12:20:00,20.25
2024-02-10 12:25:00,19.95
2024-02-10 12:30:00,19.44
2024-02-10 12:35:00,18.87
2024-02-10 12:40:00,18.74
2024-02-10 12:45:00,18.55
2024-02-10 12:50:00,18.24
2024-02-10 12:55:00,18.43
2024-02-10 13:00:00,18.94
2024-02-10 13:05:00,18.94
2024-02-10 13:10:00,19.25
2024-02-10 13:15:00,19.65
2024-02-10 13:20:00,19.25
2024-02-10 13:25:00,19.44
2024-02-10 13:30:00,19.55
2024-02-10 13:35:00,19.44
2024-02-10 13:40:00,18.94
2024-02-10 13:45:00,18.55
2024-02-10 13:50:00,18.55
2024-02-10 13:55:00,18.84
2024-02-10 14:00:00,19.04
2024-02-10 14:05:00,19.04
2024-02-10 14:10:00,19.55
2024-02-10 14:15:00,19.34
2024-02-10 14:20:00,19.04
2024-02-10 14:25:00,19.14
2024-02-10 14:30:00,18.84
2024-02-10 14:35:00,18.55
2024-02-10 14:40:00,18.64
2024-02-10 14:45:00,18.94
2024-02-10 14:50:00,19.55
2024-02-10 14:55:00,19.95
2024-02-10 15:00:00,20.14
2024-02-10 15:05:00,20.14
2024-02-10 15:10:00,19.84
2024-02-10 15:15:00,19.95
2024-02-10 15:20:00,19.65
2024-02-10 15:25:00,19.55
2024-02-10 15:30:00,19.55
2024-02-10 15:35:00,19.65
2024-02-10 15:40:00,19.55
2024-02-10 15:45:00,19.55
2024-02-10 15:50:00,19.55
2024-02-10 15:55:00,19.65
2024-02-10 16:00:00,19.44
2024-02-10 16:05:00,19.13
2024-02-10 16:10:00,18.85
2024-02-10 16:15:00,18.74
2024-02-10 16:20:00,18.64
2024-02-10 16:25:00,18.64
2024-02-10 16:30:00,18.44
2024-02-10 16:35:00,18.24
2024-02-10 16:40:00,18.15
2024-02-10 16:45:00,18.24
2024-02-10 16:50:00,18.24
2024-02-10 16:55:00,18.24
2024-02-10 17:00:00,18.15
2024-02-10 17:05:00,18.15
2024-02-10 17:10:00,17.84
2024-02-10 17:15:00,17.74
2024-02-10 17:20:00,17.74
2024-02-10 17:25:00,17.64
2024-02-10 17:30:00,17.64
2024-02-10 17:35:00,17.54
2024-02-10 17:40:00,17.64
2024-02-10 17:45:00,17.84
2024-02-10 17:50:00,17.74
2024-02-10 17:55:00,17.54
2024-02-10 18:00:00,17.33
2024-02-10 18:05:00,17.24
2024-02-10 18:10:00,17.14
2024-02-10 18:15:00,17.04
2024-02-10 18:20:00,16.74
2024-02-10 18:25:00,16.64
2024-02-10 18:30:00,16.54
2024-02-10 18:35:00,16.64
2024-02-10 18:40:00,16.44
2024-02-10 18:45:00,16.34
2024-02-10 18:50:00,15.94
2024-02-10 18:55:00,15.64
2024-02-10 19:00:00,15.34
2024-02-10 19:05:00,15.14
2024-02-10 19:10:00,14.63
2024-02-10 19:15:00,14.33
2024-02-10 19:20:00,14.24
2024-02-10 19:25:00,14.14
2024-02-10 19:30:00,14.14
2024-02-10 19:35:00,14.14
2024-02-10 19:40:00,13.94
2024-02-10 19:45:00,14.04
2024-02-10 19:50:00,13.84
2024-02-10 19:55:00,13.84
2024-02-10 20:00:00,13.84
2024-02-10 20:05:00,14.33
2024-02-10 20:10:00,14.24
2024-02-10 20:15:00,14.24
2024-02-10 20:20:00,14.04
2024-02-10 20:25:00,13.94
2024-02-10 20:30:00,13.94
2024-02-10 20:35:00,13.84
2024-02-10 20:40:00,13.84
2024-02-10 20:45:00,13.64
2024-02-10 20:50:00,14.14
2024-02-10 20:55:00,14.14
2024-02-10 21:00:00,13.94
2024-02-10 21:05:00,14.04
2024-02-10 21:10:00,14.24
2024-02-10 21:15:00,14.44
2024-02-10 21:20:00,14.24
2024-02-10 21:25:00,14.04
2024-02-10 21:30:00,14.24
2024-02-10 21:35:00,13.94
2024-02-10 21:40:00,14.14
2024-02-10 21:45:00,14.04
2024-02-10 21:50:00,14.24
2024-02-10 21:55:00,13.84
2024-02-10 22:00:00,13.64
2024-02-10 22:05:00,13.24
2024-02-10 22:10:00,12.83
2024-02-10 22:15:00,12.83
2024-02-10 22:20:00,12.94
2024-02-10 22:25:00,12.83
2024-02-10 22:30:00,12.74
2024-02-10 22:35:00,12.53
2024-02-10 22:40:00,12.34
2024-02-10 22:45:00,12.34
2024-02-10 22:50:00,12.34
2024-02-10 22:55:00,12.34
2024-02-10 23:00:00,12.34
2024-02-10 23:05:00,12.03
2024-02-10 23:10:00,12.23
2024-02-10 23:15:00,12.34
2024-02-10 23:20:00,12.13
2024-02-10 23:25:00,12.03
2024-02-10 23:30:00,12.34
2024-02-10 23:35:00,12.13
2024-02-10 23:40:00,12.17
2024-02-10 23:45:00,12.53
2024-02-10 23:50:00,12.53
2024-02-10 23:55:00,12.63
2024-02-11 00:00:00,12.74
2024-02-11 00:05:00,12.83
2024-02-11 00:10:00,12.94
2024-02-11 00:15:00,13.24
2024-02-11 00:20:00,13.13
2024-02-11 00:25:00,12.74
2024-02-11 00:30:00,12.94
2024-02-11 00:35:00,13.13
2024-02-11 00:40:00,13.24
2024-02-11 00:45:00,13.34
2024-02-11 00:50:00,13.04
2024-02-11 00:55:00,12.83
2024-02-11 01:00:00,12.53
2024-02-11 01:05:00,12.43
2024-02-11 01:10:00,12.23
2024-02-11 01:15:00,12.13
2024-02-11 01:20:00,11.94
2024-02-11 01:25:00,11.64
2024-02-11 01:30:00,11.53
2024-02-11 01:35:00,11.43
2024-02-11 01:40:00,11.54
2024-02-11 01:45:00,12.53
2024-02-11 01:50:00,12.63
2024-02-11 01:55:00,12.53
2024-02-11 02:00:00,12.03
2024-02-11 02:05:00,11.64
2024-02-11 02:10:00,11.22
2024-02-11 02:15:00,10.73
2024-02-11 02:20:00,10.63
2024-02-11 02:25:00,10.73
2024-02-11 02:30:00,10.73
2024-02-11 02:35:00,10.53
2024-02-11 02:40:00,10.33
2024-02-11 02:45:00,10.43
2024-02-11 02:50:00,10.53
2024-02-11 02:55:00,10.13
2024-02-11 03:00:00,9.93
2024-02-11 03:05:00,9.73
2024-02-11 03:10:00,9.13
2024-02-11 03:15:00,9.53
2024-02-11 03:20:00,9.93
2024-02-11 03:25:00,9.74
2024-02-11 03:30:00,10.73
2024-02-11 03:35:00,11.08
2024-02-11 03:40:00,11.03
2024-02-11 03:45:00,10.83
2024-02-11 03:50:00,10.83
2024-02-11 03:55:00,10.33
2024-02-11 04:00:00,10.23
2024-02-11 04:05:00,9.73
2024-02-11 04:10:00,9.63
2024-02-11 04:15:00,9.93
2024-02-11 04:20:00,10.33
2024-02-11 04:25:00,10.33
2024-02-11 04:30:00,10.33
2024-02-11 04:35:00,10.33
2024-02-11 04:40:00,11.03
2024-02-11 04:45:00,11.33
2024-02-11 04:50:00,11.24
2024-02-11 04:55:00,11.03
2024-02-11 05:00:00,10.83
2024-02-11 05:05:00,10.23
2024-02-11 05:10:00,9.83
2024-02-11 05:15:00,9.43
2024-02-11 05:20:00,9.63
2024-02-11 05:25:00,9.93
2024-02-11 05:30:00,10.33
2024-02-11 05:35:00,10.33
2024-02-11 05:40:00,10.33
2024-02-11 05:45:00,10.13
2024-02-11 05:50:00,10.23
2024-02-11 05:55:00,10.13
2024-02-11 06:00:00,10.03
2024-02-11 06:05:00,9.93
2024-02-11 06:10:00,9.83
2024-02-11 06:15:00,9.73
2024-02-11 06:20:00,9.93
2024-02-11 06:25:00,10.03
2024-02-11 06:30:00,10.03
2024-02-11 06:35:00,9.93
2024-02-11 06:40:00,9.73
2024-02-11 06:45:00,9.43
2024-02-11 06:50:00,9.13
2024-02-11 06:55:00,8.43
2024-02-11 07:00:00,8.23
2024-02-11 07:05:00,8.23
2024-02-11 07:10:00,8.33
2024-02-11 07:15:00,8.43
2024-02-11 07:20:00,8.73
2024-02-11 07:25:00,8.73
2024-02-11 07:30:00,8.33
2024-02-11 07:35:00,7.93
2024-02-11 07:40:00,8.03
2024-02-11 07:45:00,7.93
2024-02-11 07:50:00,7.83
2024-02-11 07:55:00,7.83
2024-02-11 08:00:00,7.83
2024-02-11 08:05:00,7.93
2024-02-11 08:10:00,8.33
2024-02-11 08:15:00,8.53
2024-02-11 08:20:00,8.53
2024-02-11 08:25:00,8.43
2024-02-11 08:30:00,8.33
2024-02-11 08:35:00,8.63
2024-02-11 08:40:00,8.63
2024-02-11 08:45:00,8.82
2024-02-11 08:50:00,8.82
2024-02-11 08:55:00,8.73
2024-02-11 09:00:00,9.03
2024-02-11 09:05:00,9.33
2024-02-11 09:10:00,9.53
2024-02-11 09:15:00,9.62
2024-02-11 09:20:00,9.73
2024-02-11 09:25:00,10.03
2024-02-11 09:30:00,10.33
2024-02-11 09:35:00,10.53
2024-02-11 09:40:00,10.73
2024-02-11 09:45:00,10.83
2024-02-11 09:50:00,11.03
2024-02-11 09:55:00,11.23
2024-02-11 10:00:00,11.53
2024-02-11 10:05:00,11.73
2024-02-11 10:10:00,11.83
2024-02-11 10:15:00,11.93
2024-02-11 10:20:00,11.73
2024-02-11 10:25:00,11.73
2024-02-11 10:30:00,11.8
2024-02-11 10:35:00,11.93
2024-02-11 10:40:00,12.03
2024-02-11 10:45:00,12.22
2024-02-11 10:50:00,12.23
2024-02-11 10:55:00,12.43
2024-02-11 11:00:00,12.53
2024-02-11 11:05:00,12.74
2024-02-11 11:10:00,13.04
2024-02-11 11:15:00,13.23
2024-02-11 11:20:00,13.34
2024-02-11 11:25:00,13.23
2024-02-11 11:30:00,13.23
2024-02-11 11:35:00,13.34
2024-02-11 11:40:00,13.53
2024-02-11 11:45:00,13.63
2024-02-11 11:50:00,13.74
2024-02-11 11:55:00,13.74
2024-02-11 12:00:00,13.93
2024-02-11 12:05:00,14.03
2024-02-11 12:10:00,14.14
2024-02-11 12:15:00,14.24
2024-02-11 12:20:00,14.45
2024-02-11 12:25:00,14.66
2024-02-11 12:30:00,14.84
2024-02-11 12:35:00,14.73
2024-02-11 12:40:00,14.54
2024-02-11 12:45:00,14.54
2024-02-11 12:50:00,14.54
2024-02-11 12:55:00,14.33
2024-02-11 13:00:00,13.93
2024-02-11 13:05:00,13.93
2024-02-11 13:10:00,13.84
2024-02-11 13:15:00,13.74
2024-02-11 13:20:00,13.63
2024-02-11 13:25:00,13.63
2024-02-11 13:30:00,13.53
2024-02-11 13:35:00,13.53
2024-02-11 13:40:00,13.63
2024-02-11 13:45:00,13.74
2024-02-11 13:50:00,13.93
2024-02-11 13:55:00,14.14
2024-02-11 14:00:00,14.14
2024-02-11 14:05:00,14.24
2024-02-11 14:10:00,14.43
2024-02-11 14:15:00,14.54
2024-02-11 14:20:00,14.43
2024-02-11 14:25:00,14.33
2024-02-11 14:30:00,14.24
2024-02-11 14:35:00,14.24
2024-02-11 14:40:00,14.24
2024-02-11 14:45:00,14.24
2024-02-11 14:50:00,14.24
2024-02-11 14:55:00,14.33
2024-02-11 15:00:00,14.43
2024-02-11 15:05:00,14.33
2024-02-11 15:10:00,14.33
2024-02-11 15:15:00,14.33
2024-02-11 15:20:00,14.43
2024-02-11 15:25:00,14.43
2024-02-11 15:30:00,14.54
2024-02-11 15:35:00,14.54
2024-02-11 15:40:00,14.54
2024-02-11 15:45:00,14.63
2024-02-11 15:50:00,14.73
2024-02-11 15:55:00,14.73
2024-02-11 16:00:00,14.94
2024-02-11 16:05:00,15.14
2024-02-11 16:10:00,15.14
2024-02-11 16:15:00,15.24
2024-02-11 16:20:00,15.24
2024-02-11 16:25:00,15.24
2024-02-11 16:30:00,15.24
2024-02-11 16:35:00,15.24
2024-02-11 16:40:00,15.24
2024-02-11 16:45:00,15.24
2024-02-11 16:50:00,15.14
2024-02-11 16:55:00,15.04
2024-02-11 17:00:00,14.84
2024-02-11 17:05:00,14.84
2024-02-11 17:10:00,14.63
2024-02-11 17:15:00,14.43
2024-02-11 17:20:00,14.24
2024-02-11 17:25:00,14.13
2024-02-11 17:30:00,14.13
2024-02-11 17:35:00,13.93
2024-02-11 17:40:00,13.84
2024-02-11 17:45:00,13.74
2024-02-11 17:50:00,13.74
2024-02-11 17:55:00,13.63
2024-02-11 18:00:00,13.53
2024-02-11 18:05:00,13.44
2024-02-11 18:10:00,13.44
2024-02-11 18:15:00,13.33
2024-02-11 18:20:00,13.23
2024-02-11 18:25:00,13.13
2024-02-11 18:30:00,13.13
2024-02-11 18:35:00,13.02
2024-02-11 18:40:00,12.93
2024-02-11 18:45:00,12.93
2024-02-11 18:50:00,12.93
2024-02-11 18:55:00,12.83
2024-02-11 19:00:00,12.71
2024-02-11 19:05:00,12.53
2024-02-11 19:10:00,12.43
2024-02-11 19:15:00,12.43
2024-02-11 19:20:00,12.43
2024-02-11 19:25:00,12.43
2024-02-11 19:30:00,12.43
2024-02-11 19:35:00,12.33
2024-02-11 19:40:00,12.22
2024-02-11 19:45:00,12.13
2024-02-11 19:50:00,12.13
2024-02-11 19:55:00,12.13
2024-02-11 20:00:00,12.03
2024-02-11 20:05:00,12.03
2024-02-11 20:10:00,12.03
2024-02-11 20:15:00,12.03
2024-02-11 20:20:00,12.03
2024-02-11 20:25:00,12.03
2024-02-11 20:30:00,11.93
2024-02-11 20:35:00,11.93
2024-02-11 20:40:00,11.93
2024-02-11 20:45:00,11.83
2024-02-11 20:50:00,11.73
2024-02-11 20:55:00,11.63
2024-02-11 21:00:00,11.53
2024-02-11 21:05:00,11.43
2024-02-11 21:10:00,11.33
2024-02-11 21:15:00,11.13
2024-02-11 21:20:00,11.03
2024-02-11 21:25:00,10.93
2024-02-11 21:30:00,10.73
2024-02-11 21:35:00,10.53
2024-02-11 21:40:00,10.43
2024-02-11 21:45:00,10.33
2024-02-11 21:50:00,10.33
2024-02-11 21:55:00,10.32
2024-02-11 22:00:00,10.33
2024-02-11 22:05:00,10.23
2024-02-11 22:10:00,10.23
2024-02-11 22:15:00,10.23
2024-02-11 22:20:00,10.23
2024-02-11 22:25:00,10.13
2024-02-11 22:30:00,10.03
2024-02-11 22:35:00,9.93
2024-02-11 22:40:00,9.73
2024-02-11 22:45:00,9.53
2024-02-11 22:50:00,9.53
2024-02-11 22:55:00,9.33
2024-02-11 23:00:00,9.22
2024-02-11 23:05:00,9.22
2024-02-11 23:10:00,9.43
2024-02-11 23:15:00,9.33
2024-02-11 23:20:00,9.22
2024-02-11 23:25:00,9.13
2024-02-11 23:30:00,9.13
2024-02-11 23:35:00,9.22
2024-02-11 23:40:00,9.22
2024-02-11 23:45:00,9.03
2024-02-11 23:50:00,8.92
2024-02-11 23:55:00,8.73
2024-02-12 00:00:00,8.73
2024-02-12 00:05:00,8.53
2024-02-12 00:10:00,8.52
2024-02-12 00:15:00,8.33
2024-02-12 00:20:00,8.33
2024-02-12 00:25:00,8.03
2024-02-12 00:30:00,7.82
2024-02-12 00:35:00,7.92
2024-02-12 00:40:00,8.03
2024-02-12 00:45:00,7.89
2024-02-12 00:50:00,7.52
2024-02-12 00:55:00,7.42
2024-02-12 01:00:00,7.42
2024-02-12 01:05:00,7.22
2024-02-12 01:10:00,7.12
2024-02-12 01:15:00,7.22
2024-02-12 01:20:00,7.42
2024-02-12 01:25:00,7.42
2024-02-12 01:30:00,7.42
2024-02-12 01:35:00,7.22
2024-02-12 01:40:00,7.02
2024-02-12 01:45:00,7.12
2024-02-12 01:50:00,7.22
2024-02-12 01:55:00,7.42
2024-02-12 02:00:00,7.62
2024-02-12 02:05:00,7.92
2024-02-12 02:10:00,8.12
2024-02-12 02:15:00,8.12
2024-02-12 02:20:00,8.03
2024-02-12 02:25:00,7.92
2024-02-12 02:30:00,7.92
2024-02-12 02:35:00,7.72
2024-02-12 02:40:00,7.72
2024-02-12 02:45:00,7.82
2024-02-12 02:50:00,8.12
2024-02-12 02:55:00,8.22
2024-02-12 03:00:00,8.33
2024-02-12 03:05:00,8.33
2024-02-12 03:10:00,8.33
2024-02-12 03:15:00,8.33
2024-02-12 03:20:00,8.33
2024-02-12 03:25:00,8.12
2024-02-12 03:30:00,8.12
2024-02-12 03:35:00,8.03
2024-02-12 03:40:00,7.82
2024-02-12 03:45:00,8.03
2024-02-12 03:50:00,8.12
2024-02-12 03:55:00,8.33
2024-02-12 04:00:00,8.22
2024-02-12 04:05:00,8.22
2024-02-12 04:10:00,8.12
2024-02-12 04:15:00,8.43
2024-02-12 04:20:00,8.52
2024-02-12 04:25:00,8.63
2024-02-12 04:30:00,8.73
2024-02-12 04:35:00,8.82
2024-02-12 04:40:00,9.03
2024-02-12 04:45:00,8.92
2024-02-12 04:50:00,9.03
2024-02-12 04:55:00,9.22
2024-02-12 05:00:00,9.13
2024-02-12 05:05:00,9.13
2024-02-12 05:10:00,9.22
2024-02-12 05:15:00,9.32
2024-02-12 05:20:00,9.43
2024-02-12 05:25:00,9.43
2024-02-12 05:30:00,9.43
2024-02-12 05:35:00,9.32
2024-02-12 05:40:00,9.32
2024-02-12 05:45:00,9.32
2024-02-12 05:50:00,9.32
2024-02-12 05:55:00,9.43
2024-02-12 06:00:00,9.43
2024-02-12 06:05:00,9.62
2024-02-12 06:10:00,9.73
2024-02-12 06:15:00,9.73
2024-02-12 06:20:00,9.62
2024-02-12 06:25:00,9.72
2024-02-12 06:30:00,9.53
2024-02-12 06:35:00,9.53
2024-02-12 06:40:00,9.53
2024-02-12 06:45:00,9.62
2024-02-12 06:50:00,9.73
2024-02-12 06:55:00,9.62
2024-02-12 07:00:00,9.73
2024-02-12 07:05:00,9.63
2024-02-12 07:10:00,9.73
2024-02-12 07:15:00,9.73
2024-02-12 07:20:00,9.93
2024-02-12 07:25:00,9.93
2024-02-12 07:30:00,10.02
2024-02-12 07:35:00,10.13
2024-02-12 07:40:00,10.13
2024-02-12 07:45:00,10.13
2024-02-12 07:50:00,10.23
2024-02-12 07:55:00,10.18
2024-02-12 08:00:00,10.32
2024-02-12 08:05:00,10.39
2024-02-12 08:10:00,10.53
2024-02-12 08:15:00,10.73
2024-02-12 08:20:00,10.63
2024-02-12 08:25:00,10.63
2024-02-12 08:30:00,10.73
2024-02-12 08:35:00,10.75
2024-02-12 08:40:00,10.83
2024-02-12 08:45:00,10.93
2024-02-12 08:50:00,10.93
2024-02-12 08:55:00,10.93
2024-02-12 09:00:00,11.03
2024-02-12 09:05:00,11.73
2024-02-12 09:10:00,12.43
2024-02-12 09:15:00,12.43
2024-02-12 09:20:00,12.73
2024-02-12 09:25:00,12.63
2024-02-12 09:30:00,12.33
2024-02-12 09:35:00,12.43
2024-02-12 09:40:00,12.83
2024-02-12 09:45:00,13.03
2024-02-12 09:50:00,13.43
2024-02-12 09:55:00,13.63
2024-02-12 10:00:00,13.93
2024-02-12 10:05:00,14.13
2024-02-12 10:10:00,14.43
2024-02-12 10:15:00,14.73
2024-02-12 10:20:00,15.03
2024-02-12 10:25:00,15.13
2024-02-12 10:30:00,15.43
2024-02-12 10:35:00,15.64
2024-02-12 10:40:00,15.83
2024-02-12 10:45:00,16.13
2024-02-12 10:50:00,16.44
2024-02-12 10:55:00,16.84
2024-02-12 11:00:00,17.14
2024-02-12 11:05:00,17.44
2024-02-12 11:10:00,17.54
2024-02-12 11:15:00,17.84
2024-02-12 11:20:00,18.14
2024-02-12 11:25:00,18.44
2024-02-12 11:30:00,18.84
2024-02-12 11:35:00,19.14
2024-02-12 11:40:00,19.34
2024-02-12 11:45:00,19.44
2024-02-12 11:50:00,19.64
2024-02-12 11:55:00,19.94
2024-02-12 12:00:00,20.24
2024-02-12 12:05:00,20.34
2024-02-12 12:10:00,20.54
2024-02-12 12:15:00,20.64
2024-02-12 12:20:00,20.64
2024-02-12 12:25:00,20.75
2024-02-12 12:30:00,20.84
2024-02-12 12:35:00,20.94
2024-02-12 12:40:00,21.04
2024-02-12 12:45:00,21.15
2024-02-12 12:50:00,21.24
2024-02-12 12:55:00,21.24
2024-02-12 13:00:00,21.34
2024-02-12 13:05:00,21.34
2024-02-12 13:10:00,21.34
2024-02-12 13:15:00,21.54
2024-02-12 13:20:00,21.45
2024-02-12 13:25:00,21.64
2024-02-12 13:30:00,21.85
2024-02-12 13:35:00,22.15
2024-02-12 13:40:00,22.25
2024-02-12 13:45:00,22.25
2024-02-12 13:50:00,22.34
2024-02-12 13:55:00,22.55
2024-02-12 14:00:00,22.55
2024-02-12 14:05:00,22.74
2024-02-12 14:10:00,23.35
2024-02-12 14:15:00,24.15
2024-02-12 14:20:00,24.55
2024-02-12 14:25:00,24.45
2024-02-12 14:30:00,24.95
2024-02-12 14:35:00,24.95
2024-02-12 14:40:00,24.85
2024-02-12 14:45:00,25.05
2024-02-12 14:50:00,25.15
2024-02-12 14:55:00,25.25
2024-02-12 15:00:00,25.15
2024-02-12 15:05:00,25.15
2024-02-12 15:10:00,25.15
2024-02-12 15:15:00,25.15
2024-02-12 15:20:00,25.15
2024-02-12 15:25:00,25.15
2024-02-12 15:30:00,25.05
2024-02-12 15:35:00,25.05
2024-02-12 15:40:00,25.03
2024-02-12 15:45:00,24.95
2024-02-12 15:50:00,24.95
2024-02-12 15:55:00,24.85
2024-02-12 16:00:00,24.85
2024-02-12 16:05:00,24.85
2024-02-12 16:10:00,24.85
2024-02-12 16:15:00,24.85
2024-02-12 16:20:00,24.65
2024-02-12 16:25:00,24.65
2024-02-12 16:30:00,24.65
2024-02-12 16:35:00,24.45
2024-02-12 16:40:00,24.55
2024-02-12 16:45:00,24.35
2024-02-12 16:50:00,24.25
2024-02-12 16:55:00,24.15
2024-02-12 17:00:00,24.05
2024-02-12 17:05:00,23.95
2024-02-12 17:10:00,23.95
2024-02-12 17:15:00,23.85
2024-02-12 17:20:00,23.65
2024-02-12 17:25:00,23.35
2024-02-12 17:30:00,23.25
2024-02-12 17:35:00,22.95
2024-02-12 17:40:00,22.95
2024-02-12 17:45:00,22.51
2024-02-12 17:50:00,22.45
2024-02-12 17:55:00,22.35
2024-02-12 18:00:00,22.45
2024-02-12 18:05:00,22.35
2024-02-12 18:10:00,22.04
2024-02-12 18:15:00,21.95
2024-02-12 18:20:00,21.95
2024-02-12 18:25:00,21.54
2024-02-12 18:30:00,21.45
2024-02-12 18:35:00,21.24
2024-02-12 18:40:00,20.94
2024-02-12 18:45:00,21.05
2024-02-12 18:50:00,20.94
2024-02-12 18:55:00,21.05
2024-02-12 19:00:00,21.24
